STT,User,Email,Đăng nhập,Đăng xuất
1,User01,1@gmail.com,1/10/2025,2/10/2025
2,User02,2@gmail.com,2/10/2025,3/10/2025
3,User03,3@gmail.com,3/10/2025,4/10/2025
4,User04,4@gmail.com,4/10/2025,5/10/2025
5,User05,5@gmail.com,5/10/2025,6/10/2025
6,User06,6@gmail.com,6/10/2025,7/10/2025
7,User07,7@gmail.com,7/10/2025,8/10/2025
8,User08,8@gmail.com,8/10/2025,9/10/2025
9,User09,9@gmail.com,9/10/2025,10/10/2025
10,User10,10@gmail.com,10/10/2025,11/10/2025
11,User11,11@gmail.com,11/10/2025,12/10/2025
12,User12,12@gmail.com,12/10/2025,13/10/2025
